Participant ID,Run ID,Timestamp,Stimulus,N-back Level,Lighting Condition,N-back Sequence,Key Press,Response Time,Key Duration
Anjali_1,Run5,0.0029,M,1,Bright Light (>1000 lux),1-2-3,,,
Anjali_1,Run5,1.5136,U,1,Bright Light (>1000 lux),1-2-3,,,
Anjali_1,Run5,3.0224,O,1,Bright Light (>1000 lux),1-2-3,,,
Anjali_1,Run5,4.529,I,1,Bright Light (>1000 lux),1-2-3,,,
Anjali_1,Run5,6.0368,L,1,Bright Light (>1000 lux),1-2-3,,,
Anjali_1,Run5,7.5492,L,1,Bright Light (>1000 lux),1-2-3,space,1.0937,0.159
Anjali_1,Run5,9.0631,D,1,Bright Light (>1000 lux),1-2-3,,,
Anjali_1,Run5,10.5747,K,1,Bright Light (>1000 lux),1-2-3,,,
Anjali_1,Run5,12.0834,T,1,Bright Light (>1000 lux),1-2-3,,,
Anjali_1,Run5,13.5901,T,1,Bright Light (>1000 lux),1-2-3,space,1.2763,
Anjali_1,Run5,15.0947,O,1,Bright Light (>1000 lux),1-2-3,,,
Anjali_1,Run5,16.6081,L,1,Bright Light (>1000 lux),1-2-3,,,
Anjali_1,Run5,18.1138,I,1,Bright Light (>1000 lux),1-2-3,,,
Anjali_1,Run5,19.6223,S,1,Bright Light (>1000 lux),1-2-3,,,
Anjali_1,Run5,21.132,X,1,Bright Light (>1000 lux),1-2-3,,,
Anjali_1,Run5,22.6363,I,1,Bright Light (>1000 lux),1-2-3,,,
Anjali_1,Run5,24.1483,I,1,Bright Light (>1000 lux),1-2-3,,,
Anjali_1,Run5,25.6523,H,1,Bright Light (>1000 lux),1-2-3,,,
Anjali_1,Run5,27.1567,Z,1,Bright Light (>1000 lux),1-2-3,,,
Anjali_1,Run5,28.6709,Z,1,Bright Light (>1000 lux),1-2-3,space,1.4718,
Anjali_1,Run5,30.1771,Q,1,Bright Light (>1000 lux),1-2-3,,,
Anjali_1,Run5,31.6842,W,1,Bright Light (>1000 lux),1-2-3,,,
Anjali_1,Run5,33.19,P,1,Bright Light (>1000 lux),1-2-3,,,
Anjali_1,Run5,34.701,Y,1,Bright Light (>1000 lux),1-2-3,,,
Anjali_1,Run5,36.2122,V,1,Bright Light (>1000 lux),1-2-3,,,
Anjali_1,Run5,37.7201,L,1,Bright Light (>1000 lux),1-2-3,,,
Anjali_1,Run5,39.2317,L,1,Bright Light (>1000 lux),1-2-3,space,1.3109,
Anjali_1,Run5,40.7363,P,1,Bright Light (>1000 lux),1-2-3,,,
Anjali_1,Run5,42.2443,V,1,Bright Light (>1000 lux),1-2-3,,,
Anjali_1,Run5,43.7452,F,1,Bright Light (>1000 lux),1-2-3,,,
Anjali_1,Run5,45.255,I,1,Bright Light (>1000 lux),1-2-3,,,
Anjali_1,Run5,46.7587,E,1,Bright Light (>1000 lux),1-2-3,,,
Anjali_1,Run5,48.2708,B,1,Bright Light (>1000 lux),1-2-3,,,
Anjali_1,Run5,49.7774,V,1,Bright Light (>1000 lux),1-2-3,,,
Anjali_1,Run5,51.29,V,1,Bright Light (>1000 lux),1-2-3,space,1.2944,
Anjali_1,Run5,52.8034,U,1,Bright Light (>1000 lux),1-2-3,,,
Anjali_1,Run5,54.3123,Z,1,Bright Light (>1000 lux),1-2-3,,,
Anjali_1,Run5,55.8256,G,1,Bright Light (>1000 lux),1-2-3,,,
Anjali_1,Run5,57.3353,S,1,Bright Light (>1000 lux),1-2-3,,,
Anjali_1,Run5,58.8409,L,1,Bright Light (>1000 lux),1-2-3,,,
Anjali_1,Run5,60.3442,L,1,Bright Light (>1000 lux),1-2-3,,,
Anjali_1,Run5,61.8533,F,1,Bright Light (>1000 lux),1-2-3,,,
Anjali_1,Run5,63.365,R,1,Bright Light (>1000 lux),1-2-3,,,
Anjali_1,Run5,64.8741,V,1,Bright Light (>1000 lux),1-2-3,,,
Anjali_1,Run5,66.3853,P,1,Bright Light (>1000 lux),1-2-3,,,
Anjali_1,Run5,67.8891,P,1,Bright Light (>1000 lux),1-2-3,space,1.4022,
Anjali_1,Run5,69.3991,Y,1,Bright Light (>1000 lux),1-2-3,,,
Anjali_1,Run5,70.909,B,1,Bright Light (>1000 lux),1-2-3,,,
Anjali_1,Run5,72.4148,L,1,Bright Light (>1000 lux),1-2-3,,,
Anjali_1,Run5,73.9228,D,1,Bright Light (>1000 lux),1-2-3,,,
Anjali_1,Run5,75.4288,H,1,Bright Light (>1000 lux),1-2-3,,,
Anjali_1,Run5,76.9375,E,1,Bright Light (>1000 lux),1-2-3,,,
Anjali_1,Run5,78.4423,I,1,Bright Light (>1000 lux),1-2-3,,,
Anjali_1,Run5,79.9461,I,1,Bright Light (>1000 lux),1-2-3,space,1.4352,
Anjali_1,Run5,81.4599,E,1,Bright Light (>1000 lux),1-2-3,,,
Anjali_1,Run5,82.9721,F,1,Bright Light (>1000 lux),1-2-3,,,
Anjali_1,Run5,84.4759,E,1,Bright Light (>1000 lux),1-2-3,,,
Anjali_1,Run5,85.9821,E,1,Bright Light (>1000 lux),1-2-3,,,
Anjali_1,Run5,87.4892,F,1,Bright Light (>1000 lux),1-2-3,,,
Anjali_1,Run5,88.9938,L,1,Bright Light (>1000 lux),1-2-3,,,
Anjali_1,Run5,90.4974,I,1,Bright Light (>1000 lux),1-2-3,,,
Anjali_1,Run5,92.0028,Y,1,Bright Light (>1000 lux),1-2-3,,,
Anjali_1,Run5,93.5141,J,1,Bright Light (>1000 lux),1-2-3,,,
Anjali_1,Run5,95.022,I,1,Bright Light (>1000 lux),1-2-3,,,
Anjali_1,Run5,96.5285,C,1,Bright Light (>1000 lux),1-2-3,,,
Anjali_1,Run5,98.0363,T,1,Bright Light (>1000 lux),1-2-3,,,
Anjali_1,Run5,99.5462,I,1,Bright Light (>1000 lux),1-2-3,,,
Anjali_1,Run5,101.0563,T,1,Bright Light (>1000 lux),1-2-3,,,
Anjali_1,Run5,102.5667,Q,1,Bright Light (>1000 lux),1-2-3,,,
Anjali_1,Run5,104.0686,W,1,Bright Light (>1000 lux),1-2-3,,,
Anjali_1,Run5,106.7599,G,2,Bright Light (>1000 lux),1-2-3,,,
Anjali_1,Run5,108.2719,J,2,Bright Light (>1000 lux),1-2-3,,,
Anjali_1,Run5,109.7823,V,2,Bright Light (>1000 lux),1-2-3,,,
Anjali_1,Run5,111.2933,Z,2,Bright Light (>1000 lux),1-2-3,,,
Anjali_1,Run5,112.7958,H,2,Bright Light (>1000 lux),1-2-3,,,
Anjali_1,Run5,114.3088,T,2,Bright Light (>1000 lux),1-2-3,,,
Anjali_1,Run5,115.814,K,2,Bright Light (>1000 lux),1-2-3,,,
Anjali_1,Run5,117.3251,Z,2,Bright Light (>1000 lux),1-2-3,,,
Anjali_1,Run5,118.8322,K,2,Bright Light (>1000 lux),1-2-3,,,
Anjali_1,Run5,120.3451,V,2,Bright Light (>1000 lux),1-2-3,,,
Anjali_1,Run5,121.8502,Z,2,Bright Light (>1000 lux),1-2-3,,,
Anjali_1,Run5,123.3561,T,2,Bright Light (>1000 lux),1-2-3,,,
Anjali_1,Run5,124.8599,W,2,Bright Light (>1000 lux),1-2-3,,,
Anjali_1,Run5,126.3726,L,2,Bright Light (>1000 lux),1-2-3,,,
Anjali_1,Run5,127.886,K,2,Bright Light (>1000 lux),1-2-3,,,
Anjali_1,Run5,129.3931,S,2,Bright Light (>1000 lux),1-2-3,,,
Anjali_1,Run5,130.8971,T,2,Bright Light (>1000 lux),1-2-3,,,
Anjali_1,Run5,132.4065,A,2,Bright Light (>1000 lux),1-2-3,,,
Anjali_1,Run5,133.9156,S,2,Bright Light (>1000 lux),1-2-3,,,
Anjali_1,Run5,135.4216,U,2,Bright Light (>1000 lux),1-2-3,,,
Anjali_1,Run5,136.9237,S,2,Bright Light (>1000 lux),1-2-3,,,
Anjali_1,Run5,138.4299,W,2,Bright Light (>1000 lux),1-2-3,space,0.5917,0.152
Anjali_1,Run5,139.9336,A,2,Bright Light (>1000 lux),1-2-3,,,
Anjali_1,Run5,141.4421,V,2,Bright Light (>1000 lux),1-2-3,,,
Anjali_1,Run5,142.9458,A,2,Bright Light (>1000 lux),1-2-3,,,
Anjali_1,Run5,144.4502,R,2,Bright Light (>1000 lux),1-2-3,,,
Anjali_1,Run5,145.9515,A,2,Bright Light (>1000 lux),1-2-3,,,
Anjali_1,Run5,147.4591,E,2,Bright Light (>1000 lux),1-2-3,space,0.833,0.2243
Anjali_1,Run5,148.9637,F,2,Bright Light (>1000 lux),1-2-3,,,
Anjali_1,Run5,150.4766,E,2,Bright Light (>1000 lux),1-2-3,,,
Anjali_1,Run5,151.9781,S,2,Bright Light (>1000 lux),1-2-3,,,
Anjali_1,Run5,153.4902,I,2,Bright Light (>1000 lux),1-2-3,,,
Anjali_1,Run5,154.9971,A,2,Bright Light (>1000 lux),1-2-3,,,
Anjali_1,Run5,156.507,I,2,Bright Light (>1000 lux),1-2-3,,,
Anjali_1,Run5,158.0113,Z,2,Bright Light (>1000 lux),1-2-3,,,
Anjali_1,Run5,159.5225,G,2,Bright Light (>1000 lux),1-2-3,,,
Anjali_1,Run5,161.0282,S,2,Bright Light (>1000 lux),1-2-3,,,
Anjali_1,Run5,162.5366,N,2,Bright Light (>1000 lux),1-2-3,,,
Anjali_1,Run5,164.0489,D,2,Bright Light (>1000 lux),1-2-3,,,
Anjali_1,Run5,165.5627,Z,2,Bright Light (>1000 lux),1-2-3,,,
Anjali_1,Run5,167.0671,K,2,Bright Light (>1000 lux),1-2-3,,,
Anjali_1,Run5,168.5725,S,2,Bright Light (>1000 lux),1-2-3,,,
Anjali_1,Run5,170.079,K,2,Bright Light (>1000 lux),1-2-3,,,
Anjali_1,Run5,171.583,Y,2,Bright Light (>1000 lux),1-2-3,,,
Anjali_1,Run5,173.089,W,2,Bright Light (>1000 lux),1-2-3,,,
Anjali_1,Run5,174.6018,Q,2,Bright Light (>1000 lux),1-2-3,,,
Anjali_1,Run5,176.1092,U,2,Bright Light (>1000 lux),1-2-3,,,
Anjali_1,Run5,177.6151,N,2,Bright Light (>1000 lux),1-2-3,,,
Anjali_1,Run5,179.1221,G,2,Bright Light (>1000 lux),1-2-3,,,
Anjali_1,Run5,180.6269,C,2,Bright Light (>1000 lux),1-2-3,,,
Anjali_1,Run5,182.1363,G,2,Bright Light (>1000 lux),1-2-3,,,
Anjali_1,Run5,183.6482,Y,2,Bright Light (>1000 lux),1-2-3,,,
Anjali_1,Run5,185.159,M,2,Bright Light (>1000 lux),1-2-3,,,
Anjali_1,Run5,186.665,I,2,Bright Light (>1000 lux),1-2-3,,,
Anjali_1,Run5,188.1749,M,2,Bright Light (>1000 lux),1-2-3,space,1.3241,
Anjali_1,Run5,189.685,R,2,Bright Light (>1000 lux),1-2-3,,,
Anjali_1,Run5,191.1902,A,2,Bright Light (>1000 lux),1-2-3,,,
Anjali_1,Run5,192.6975,R,2,Bright Light (>1000 lux),1-2-3,,,
Anjali_1,Run5,194.2101,X,2,Bright Light (>1000 lux),1-2-3,,,
Anjali_1,Run5,195.7187,S,2,Bright Light (>1000 lux),1-2-3,,,
Anjali_1,Run5,197.2309,Q,2,Bright Light (>1000 lux),1-2-3,,,
Anjali_1,Run5,198.7369,S,2,Bright Light (>1000 lux),1-2-3,,,
Anjali_1,Run5,200.245,U,2,Bright Light (>1000 lux),1-2-3,space,0.001,0.2166
Anjali_1,Run5,201.7533,A,2,Bright Light (>1000 lux),1-2-3,,,
Anjali_1,Run5,203.259,H,2,Bright Light (>1000 lux),1-2-3,,,
Anjali_1,Run5,204.7691,J,2,Bright Light (>1000 lux),1-2-3,,,
Anjali_1,Run5,206.2769,H,2,Bright Light (>1000 lux),1-2-3,,,
Anjali_1,Run5,207.7839,R,2,Bright Light (>1000 lux),1-2-3,,,
Anjali_1,Run5,209.2981,F,2,Bright Light (>1000 lux),1-2-3,,,
Anjali_1,Run5,210.8049,P,2,Bright Light (>1000 lux),1-2-3,,,
Anjali_1,Run5,216.2966,T,3,Bright Light (>1000 lux),1-2-3,,,
Anjali_1,Run5,217.807,R,3,Bright Light (>1000 lux),1-2-3,,,
Anjali_1,Run5,219.3102,U,3,Bright Light (>1000 lux),1-2-3,space,0.5983,0.2254
Anjali_1,Run5,220.8144,Q,3,Bright Light (>1000 lux),1-2-3,,,
Anjali_1,Run5,222.3245,Z,3,Bright Light (>1000 lux),1-2-3,,,
Anjali_1,Run5,223.8281,N,3,Bright Light (>1000 lux),1-2-3,,,
Anjali_1,Run5,225.3359,E,3,Bright Light (>1000 lux),1-2-3,,,
Anjali_1,Run5,226.8449,Z,3,Bright Light (>1000 lux),1-2-3,,,
Anjali_1,Run5,228.353,L,3,Bright Light (>1000 lux),1-2-3,,,
Anjali_1,Run5,229.8591,E,3,Bright Light (>1000 lux),1-2-3,,,
Anjali_1,Run5,231.3701,S,3,Bright Light (>1000 lux),1-2-3,,,
Anjali_1,Run5,232.8716,R,3,Bright Light (>1000 lux),1-2-3,,,
Anjali_1,Run5,234.385,O,3,Bright Light (>1000 lux),1-2-3,,,
Anjali_1,Run5,235.892,K,3,Bright Light (>1000 lux),1-2-3,,,
Anjali_1,Run5,237.4047,L,3,Bright Light (>1000 lux),1-2-3,,,
Anjali_1,Run5,238.9092,G,3,Bright Light (>1000 lux),1-2-3,,,
Anjali_1,Run5,240.4198,K,3,Bright Light (>1000 lux),1-2-3,,,
Anjali_1,Run5,241.9243,X,3,Bright Light (>1000 lux),1-2-3,,,
Anjali_1,Run5,243.4355,M,3,Bright Light (>1000 lux),1-2-3,,,
Anjali_1,Run5,244.9426,U,3,Bright Light (>1000 lux),1-2-3,,,
Anjali_1,Run5,246.4556,I,3,Bright Light (>1000 lux),1-2-3,,,
Anjali_1,Run5,247.9638,M,3,Bright Light (>1000 lux),1-2-3,,,
Anjali_1,Run5,249.4675,U,3,Bright Light (>1000 lux),1-2-3,,,
Anjali_1,Run5,250.9792,L,3,Bright Light (>1000 lux),1-2-3,,,
Anjali_1,Run5,252.4861,T,3,Bright Light (>1000 lux),1-2-3,,,
Anjali_1,Run5,253.9974,E,3,Bright Light (>1000 lux),1-2-3,,,
Anjali_1,Run5,255.5047,C,3,Bright Light (>1000 lux),1-2-3,,,
Anjali_1,Run5,257.0183,V,3,Bright Light (>1000 lux),1-2-3,,,
Anjali_1,Run5,258.5285,P,3,Bright Light (>1000 lux),1-2-3,,,
Anjali_1,Run5,260.0347,F,3,Bright Light (>1000 lux),1-2-3,,,
Anjali_1,Run5,261.5368,V,3,Bright Light (>1000 lux),1-2-3,,,
Anjali_1,Run5,263.0418,R,3,Bright Light (>1000 lux),1-2-3,,,
Anjali_1,Run5,264.5518,X,3,Bright Light (>1000 lux),1-2-3,,,
Anjali_1,Run5,266.0568,M,3,Bright Light (>1000 lux),1-2-3,,,
Anjali_1,Run5,267.5659,R,3,Bright Light (>1000 lux),1-2-3,,,
Anjali_1,Run5,269.0692,X,3,Bright Light (>1000 lux),1-2-3,,,
Anjali_1,Run5,270.5835,I,3,Bright Light (>1000 lux),1-2-3,,,
Anjali_1,Run5,272.0967,U,3,Bright Light (>1000 lux),1-2-3,,,
Anjali_1,Run5,273.6009,L,3,Bright Light (>1000 lux),1-2-3,,,
Anjali_1,Run5,275.1083,X,3,Bright Light (>1000 lux),1-2-3,,,
Anjali_1,Run5,276.6147,F,3,Bright Light (>1000 lux),1-2-3,,,
Anjali_1,Run5,278.1198,L,3,Bright Light (>1000 lux),1-2-3,,,
Anjali_1,Run5,279.63,B,3,Bright Light (>1000 lux),1-2-3,,,
Anjali_1,Run5,281.1331,G,3,Bright Light (>1000 lux),1-2-3,,,
Anjali_1,Run5,282.6459,I,3,Bright Light (>1000 lux),1-2-3,,,
Anjali_1,Run5,284.1537,H,3,Bright Light (>1000 lux),1-2-3,,,
Anjali_1,Run5,285.6662,G,3,Bright Light (>1000 lux),1-2-3,,,
Anjali_1,Run5,287.1721,L,3,Bright Light (>1000 lux),1-2-3,,,
Anjali_1,Run5,288.674,J,3,Bright Light (>1000 lux),1-2-3,,,
Anjali_1,Run5,290.1809,S,3,Bright Light (>1000 lux),1-2-3,,,
Anjali_1,Run5,291.6909,X,3,Bright Light (>1000 lux),1-2-3,,,
Anjali_1,Run5,293.1955,J,3,Bright Light (>1000 lux),1-2-3,,,
Anjali_1,Run5,294.7013,S,3,Bright Light (>1000 lux),1-2-3,,,
Anjali_1,Run5,296.2087,W,3,Bright Light (>1000 lux),1-2-3,,,
Anjali_1,Run5,297.7155,K,3,Bright Light (>1000 lux),1-2-3,,,
Anjali_1,Run5,299.2204,O,3,Bright Light (>1000 lux),1-2-3,,,
Anjali_1,Run5,300.7311,F,3,Bright Light (>1000 lux),1-2-3,,,
Anjali_1,Run5,302.2408,O,3,Bright Light (>1000 lux),1-2-3,,,
Anjali_1,Run5,303.7499,Q,3,Bright Light (>1000 lux),1-2-3,,,
Anjali_1,Run5,305.2603,F,3,Bright Light (>1000 lux),1-2-3,,,
Anjali_1,Run5,306.7618,Y,3,Bright Light (>1000 lux),1-2-3,,,
Anjali_1,Run5,308.2677,V,3,Bright Light (>1000 lux),1-2-3,,,
Anjali_1,Run5,309.7783,X,3,Bright Light (>1000 lux),1-2-3,,,
Anjali_1,Run5,311.2916,Y,3,Bright Light (>1000 lux),1-2-3,,,
Anjali_1,Run5,312.7986,L,3,Bright Light (>1000 lux),1-2-3,,,
Anjali_1,Run5,314.3048,C,3,Bright Light (>1000 lux),1-2-3,,,
Anjali_1,Run5,315.8112,O,3,Bright Light (>1000 lux),1-2-3,,,
Anjali_1,Run5,317.3236,L,3,Bright Light (>1000 lux),1-2-3,space,1.2355,0.2335
Anjali_1,Run5,318.8276,V,3,Bright Light (>1000 lux),1-2-3,,,
Anjali_1,Run5,320.3403,L,3,Bright Light (>1000 lux),1-2-3,,,
Difficulty Rating,5
