Participant ID,Run ID,Timestamp,Stimulus,N-back Level,Lighting Condition,N-back Sequence,Key Press,Response Time,Key Duration
Anjali_1,Run3,0.0011,E,1,Complete Darkness (0–5 lux),1-2-3,,,
Anjali_1,Run3,1.5078,V,1,Complete Darkness (0–5 lux),1-2-3,,,
Anjali_1,Run3,3.0129,S,1,Complete Darkness (0–5 lux),1-2-3,,,
Anjali_1,Run3,4.5249,B,1,Complete Darkness (0–5 lux),1-2-3,,,
Anjali_1,Run3,6.0317,B,1,Complete Darkness (0–5 lux),1-2-3,space,1.069,0.2157
Anjali_1,Run3,7.5448,O,1,Complete Darkness (0–5 lux),1-2-3,,,
Anjali_1,Run3,9.0518,F,1,Complete Darkness (0–5 lux),1-2-3,,,
Anjali_1,Run3,10.5562,T,1,Complete Darkness (0–5 lux),1-2-3,,,
Anjali_1,Run3,12.0659,U,1,Complete Darkness (0–5 lux),1-2-3,,,
Anjali_1,Run3,13.5727,J,1,Complete Darkness (0–5 lux),1-2-3,,,
Anjali_1,Run3,15.0779,I,1,Complete Darkness (0–5 lux),1-2-3,,,
Anjali_1,Run3,16.5849,O,1,Complete Darkness (0–5 lux),1-2-3,,,
Anjali_1,Run3,18.0953,W,1,Complete Darkness (0–5 lux),1-2-3,,,
Anjali_1,Run3,19.6057,W,1,Complete Darkness (0–5 lux),1-2-3,space,1.1057,0.236
Anjali_1,Run3,21.1098,R,1,Complete Darkness (0–5 lux),1-2-3,,,
Anjali_1,Run3,22.6178,K,1,Complete Darkness (0–5 lux),1-2-3,,,
Anjali_1,Run3,24.1219,Z,1,Complete Darkness (0–5 lux),1-2-3,,,
Anjali_1,Run3,25.6273,U,1,Complete Darkness (0–5 lux),1-2-3,,,
Anjali_1,Run3,27.1309,U,1,Complete Darkness (0–5 lux),1-2-3,space,0.993,0.2258
Anjali_1,Run3,28.6409,B,1,Complete Darkness (0–5 lux),1-2-3,,,
Anjali_1,Run3,30.1453,E,1,Complete Darkness (0–5 lux),1-2-3,,,
Anjali_1,Run3,31.6489,U,1,Complete Darkness (0–5 lux),1-2-3,,,
Anjali_1,Run3,33.1587,U,1,Complete Darkness (0–5 lux),1-2-3,space,1.0844,0.2017
Anjali_1,Run3,34.6629,W,1,Complete Darkness (0–5 lux),1-2-3,,,
Anjali_1,Run3,36.1672,O,1,Complete Darkness (0–5 lux),1-2-3,,,
Anjali_1,Run3,37.6788,R,1,Complete Darkness (0–5 lux),1-2-3,,,
Anjali_1,Run3,39.1827,R,1,Complete Darkness (0–5 lux),1-2-3,space,1.1284,0.1807
Anjali_1,Run3,40.6857,J,1,Complete Darkness (0–5 lux),1-2-3,,,
Anjali_1,Run3,42.1957,K,1,Complete Darkness (0–5 lux),1-2-3,,,
Anjali_1,Run3,43.709,Z,1,Complete Darkness (0–5 lux),1-2-3,,,
Anjali_1,Run3,45.2109,J,1,Complete Darkness (0–5 lux),1-2-3,,,
Anjali_1,Run3,46.7246,O,1,Complete Darkness (0–5 lux),1-2-3,,,
Anjali_1,Run3,48.2372,K,1,Complete Darkness (0–5 lux),1-2-3,,,
Anjali_1,Run3,49.7416,S,1,Complete Darkness (0–5 lux),1-2-3,,,
Anjali_1,Run3,51.255,D,1,Complete Darkness (0–5 lux),1-2-3,,,
Anjali_1,Run3,52.7671,S,1,Complete Darkness (0–5 lux),1-2-3,,,
Anjali_1,Run3,54.2748,D,1,Complete Darkness (0–5 lux),1-2-3,,,
Anjali_1,Run3,55.788,U,1,Complete Darkness (0–5 lux),1-2-3,,,
Anjali_1,Run3,57.2924,T,1,Complete Darkness (0–5 lux),1-2-3,,,
Anjali_1,Run3,58.7974,R,1,Complete Darkness (0–5 lux),1-2-3,,,
Anjali_1,Run3,60.3071,X,1,Complete Darkness (0–5 lux),1-2-3,,,
Anjali_1,Run3,61.811,O,1,Complete Darkness (0–5 lux),1-2-3,,,
Anjali_1,Run3,63.3153,J,1,Complete Darkness (0–5 lux),1-2-3,,,
Anjali_1,Run3,64.824,F,1,Complete Darkness (0–5 lux),1-2-3,,,
Anjali_1,Run3,66.335,F,1,Complete Darkness (0–5 lux),1-2-3,space,1.3024,
Anjali_1,Run3,67.8424,I,1,Complete Darkness (0–5 lux),1-2-3,,,
Anjali_1,Run3,69.3479,L,1,Complete Darkness (0–5 lux),1-2-3,,,
Anjali_1,Run3,70.8596,L,1,Complete Darkness (0–5 lux),1-2-3,,,
Anjali_1,Run3,72.3661,B,1,Complete Darkness (0–5 lux),1-2-3,space,0.2979,0.2151
Anjali_1,Run3,73.8799,O,1,Complete Darkness (0–5 lux),1-2-3,,,
Anjali_1,Run3,75.3879,O,1,Complete Darkness (0–5 lux),1-2-3,space,1.3571,
Anjali_1,Run3,76.899,B,1,Complete Darkness (0–5 lux),1-2-3,,,
Anjali_1,Run3,78.4014,X,1,Complete Darkness (0–5 lux),1-2-3,,,
Anjali_1,Run3,79.9079,Q,1,Complete Darkness (0–5 lux),1-2-3,,,
Anjali_1,Run3,81.4115,Q,1,Complete Darkness (0–5 lux),1-2-3,space,1.2145,0.2481
Anjali_1,Run3,82.9207,L,1,Complete Darkness (0–5 lux),1-2-3,,,
Anjali_1,Run3,84.4303,B,1,Complete Darkness (0–5 lux),1-2-3,,,
Anjali_1,Run3,85.94,Q,1,Complete Darkness (0–5 lux),1-2-3,,,
Anjali_1,Run3,87.4436,M,1,Complete Darkness (0–5 lux),1-2-3,,,
Anjali_1,Run3,88.9489,A,1,Complete Darkness (0–5 lux),1-2-3,,,
Anjali_1,Run3,90.4617,T,1,Complete Darkness (0–5 lux),1-2-3,,,
Anjali_1,Run3,91.9712,X,1,Complete Darkness (0–5 lux),1-2-3,,,
Anjali_1,Run3,93.48,Y,1,Complete Darkness (0–5 lux),1-2-3,,,
Anjali_1,Run3,94.9891,S,1,Complete Darkness (0–5 lux),1-2-3,,,
Anjali_1,Run3,96.4978,F,1,Complete Darkness (0–5 lux),1-2-3,,,
Anjali_1,Run3,98.0046,O,1,Complete Darkness (0–5 lux),1-2-3,,,
Anjali_1,Run3,99.5139,F,1,Complete Darkness (0–5 lux),1-2-3,,,
Anjali_1,Run3,101.0207,F,1,Complete Darkness (0–5 lux),1-2-3,space,1.2173,0.2574
Anjali_1,Run3,102.5324,B,1,Complete Darkness (0–5 lux),1-2-3,,,
Anjali_1,Run3,104.0374,N,1,Complete Darkness (0–5 lux),1-2-3,,,
Anjali_1,Run3,108.2792,T,2,Complete Darkness (0–5 lux),1-2-3,,,
Anjali_1,Run3,109.7877,Z,2,Complete Darkness (0–5 lux),1-2-3,,,
Anjali_1,Run3,111.294,D,2,Complete Darkness (0–5 lux),1-2-3,,,
Anjali_1,Run3,112.8016,P,2,Complete Darkness (0–5 lux),1-2-3,,,
Anjali_1,Run3,114.3075,L,2,Complete Darkness (0–5 lux),1-2-3,,,
Anjali_1,Run3,115.8157,M,2,Complete Darkness (0–5 lux),1-2-3,,,
Anjali_1,Run3,117.3273,I,2,Complete Darkness (0–5 lux),1-2-3,,,
Anjali_1,Run3,118.8338,E,2,Complete Darkness (0–5 lux),1-2-3,,,
Anjali_1,Run3,120.3404,I,2,Complete Darkness (0–5 lux),1-2-3,space,1.2659,
Anjali_1,Run3,121.8474,X,2,Complete Darkness (0–5 lux),1-2-3,space,0.064,0.0426
Anjali_1,Run3,123.3513,L,2,Complete Darkness (0–5 lux),1-2-3,,,
Anjali_1,Run3,124.8556,P,2,Complete Darkness (0–5 lux),1-2-3,,,
Anjali_1,Run3,126.3601,L,2,Complete Darkness (0–5 lux),1-2-3,space,1.2177,0.2126
Anjali_1,Run3,127.869,F,2,Complete Darkness (0–5 lux),1-2-3,,,
Anjali_1,Run3,129.3724,A,2,Complete Darkness (0–5 lux),1-2-3,,,
Anjali_1,Run3,130.8829,E,2,Complete Darkness (0–5 lux),1-2-3,,,
Anjali_1,Run3,132.3924,B,2,Complete Darkness (0–5 lux),1-2-3,,,
Anjali_1,Run3,133.9053,Z,2,Complete Darkness (0–5 lux),1-2-3,,,
Anjali_1,Run3,135.4142,W,2,Complete Darkness (0–5 lux),1-2-3,,,
Anjali_1,Run3,136.9264,N,2,Complete Darkness (0–5 lux),1-2-3,,,
Anjali_1,Run3,138.4336,W,2,Complete Darkness (0–5 lux),1-2-3,space,1.1889,0.2781
Anjali_1,Run3,139.9377,B,2,Complete Darkness (0–5 lux),1-2-3,,,
Anjali_1,Run3,141.4455,K,2,Complete Darkness (0–5 lux),1-2-3,,,
Anjali_1,Run3,142.9529,X,2,Complete Darkness (0–5 lux),1-2-3,,,
Anjali_1,Run3,144.4599,I,2,Complete Darkness (0–5 lux),1-2-3,,,
Anjali_1,Run3,145.9671,R,2,Complete Darkness (0–5 lux),1-2-3,,,
Anjali_1,Run3,147.4722,I,2,Complete Darkness (0–5 lux),1-2-3,space,1.3158,
Anjali_1,Run3,148.9839,P,2,Complete Darkness (0–5 lux),1-2-3,,,
Anjali_1,Run3,150.4897,S,2,Complete Darkness (0–5 lux),1-2-3,,,
Anjali_1,Run3,151.9997,T,2,Complete Darkness (0–5 lux),1-2-3,,,
Anjali_1,Run3,153.5106,J,2,Complete Darkness (0–5 lux),1-2-3,,,
Anjali_1,Run3,155.0139,V,2,Complete Darkness (0–5 lux),1-2-3,,,
Anjali_1,Run3,156.5219,K,2,Complete Darkness (0–5 lux),1-2-3,,,
Anjali_1,Run3,158.024,T,2,Complete Darkness (0–5 lux),1-2-3,,,
Anjali_1,Run3,159.5318,N,2,Complete Darkness (0–5 lux),1-2-3,space,0.7144,0.2026
Anjali_1,Run3,161.0338,J,2,Complete Darkness (0–5 lux),1-2-3,,,
Anjali_1,Run3,162.545,N,2,Complete Darkness (0–5 lux),1-2-3,,,
Anjali_1,Run3,164.0582,X,2,Complete Darkness (0–5 lux),1-2-3,space,0.9572,0.2138
Anjali_1,Run3,165.5624,J,2,Complete Darkness (0–5 lux),1-2-3,,,
Anjali_1,Run3,167.0749,G,2,Complete Darkness (0–5 lux),1-2-3,,,
Anjali_1,Run3,168.5821,Z,2,Complete Darkness (0–5 lux),1-2-3,,,
Anjali_1,Run3,170.0901,Y,2,Complete Darkness (0–5 lux),1-2-3,,,
Anjali_1,Run3,171.6005,Z,2,Complete Darkness (0–5 lux),1-2-3,,,
Anjali_1,Run3,173.1115,V,2,Complete Darkness (0–5 lux),1-2-3,space,0.8231,0.1932
Anjali_1,Run3,174.6248,J,2,Complete Darkness (0–5 lux),1-2-3,,,
Anjali_1,Run3,176.1311,Z,2,Complete Darkness (0–5 lux),1-2-3,,,
Anjali_1,Run3,177.6406,J,2,Complete Darkness (0–5 lux),1-2-3,,,
Anjali_1,Run3,179.1478,G,2,Complete Darkness (0–5 lux),1-2-3,,,
Anjali_1,Run3,180.6549,J,2,Complete Darkness (0–5 lux),1-2-3,,,
Anjali_1,Run3,182.1611,G,2,Complete Darkness (0–5 lux),1-2-3,,,
Anjali_1,Run3,183.664,B,2,Complete Darkness (0–5 lux),1-2-3,space,0.0437,0.1936
Anjali_1,Run3,185.1731,G,2,Complete Darkness (0–5 lux),1-2-3,,,
Anjali_1,Run3,186.6773,J,2,Complete Darkness (0–5 lux),1-2-3,,,
Anjali_1,Run3,188.1861,N,2,Complete Darkness (0–5 lux),1-2-3,,,
Anjali_1,Run3,189.6964,G,2,Complete Darkness (0–5 lux),1-2-3,,,
Anjali_1,Run3,191.2049,Y,2,Complete Darkness (0–5 lux),1-2-3,,,
Anjali_1,Run3,192.7099,M,2,Complete Darkness (0–5 lux),1-2-3,,,
Anjali_1,Run3,194.2178,P,2,Complete Darkness (0–5 lux),1-2-3,,,
Anjali_1,Run3,195.725,F,2,Complete Darkness (0–5 lux),1-2-3,,,
Anjali_1,Run3,197.2357,K,2,Complete Darkness (0–5 lux),1-2-3,,,
Anjali_1,Run3,198.7453,T,2,Complete Darkness (0–5 lux),1-2-3,,,
Anjali_1,Run3,200.2526,Y,2,Complete Darkness (0–5 lux),1-2-3,,,
Anjali_1,Run3,201.7592,A,2,Complete Darkness (0–5 lux),1-2-3,,,
Anjali_1,Run3,203.2648,Y,2,Complete Darkness (0–5 lux),1-2-3,,,
Anjali_1,Run3,204.7722,E,2,Complete Darkness (0–5 lux),1-2-3,space,1.18,0.2457
Anjali_1,Run3,206.2758,O,2,Complete Darkness (0–5 lux),1-2-3,,,
Anjali_1,Run3,207.7837,W,2,Complete Darkness (0–5 lux),1-2-3,,,
Anjali_1,Run3,209.2957,X,2,Complete Darkness (0–5 lux),1-2-3,,,
Anjali_1,Run3,210.7991,H,2,Complete Darkness (0–5 lux),1-2-3,,,
Anjali_1,Run3,212.3065,X,2,Complete Darkness (0–5 lux),1-2-3,,,
Anjali_1,Run3,216.6356,U,3,Complete Darkness (0–5 lux),1-2-3,,,
Anjali_1,Run3,218.1452,Z,3,Complete Darkness (0–5 lux),1-2-3,,,
Anjali_1,Run3,219.6511,W,3,Complete Darkness (0–5 lux),1-2-3,,,
Anjali_1,Run3,221.156,U,3,Complete Darkness (0–5 lux),1-2-3,,,
Anjali_1,Run3,222.6627,I,3,Complete Darkness (0–5 lux),1-2-3,space,0.2997,0.2141
Anjali_1,Run3,224.1715,G,3,Complete Darkness (0–5 lux),1-2-3,,,
Anjali_1,Run3,225.6759,P,3,Complete Darkness (0–5 lux),1-2-3,,,
Anjali_1,Run3,227.1877,K,3,Complete Darkness (0–5 lux),1-2-3,,,
Anjali_1,Run3,228.6965,D,3,Complete Darkness (0–5 lux),1-2-3,,,
Anjali_1,Run3,230.2056,O,3,Complete Darkness (0–5 lux),1-2-3,,,
Anjali_1,Run3,231.7172,C,3,Complete Darkness (0–5 lux),1-2-3,,,
Anjali_1,Run3,233.2289,D,3,Complete Darkness (0–5 lux),1-2-3,,,
Anjali_1,Run3,234.7389,S,3,Complete Darkness (0–5 lux),1-2-3,,,
Anjali_1,Run3,236.2527,Z,3,Complete Darkness (0–5 lux),1-2-3,,,
Anjali_1,Run3,237.7616,C,3,Complete Darkness (0–5 lux),1-2-3,,,
Anjali_1,Run3,239.2746,W,3,Complete Darkness (0–5 lux),1-2-3,space,1.2937,0.1827
Anjali_1,Run3,240.7877,X,3,Complete Darkness (0–5 lux),1-2-3,,,
Anjali_1,Run3,242.2933,U,3,Complete Darkness (0–5 lux),1-2-3,,,
Anjali_1,Run3,243.8031,K,3,Complete Darkness (0–5 lux),1-2-3,,,
Anjali_1,Run3,245.3155,O,3,Complete Darkness (0–5 lux),1-2-3,,,
Anjali_1,Run3,246.8242,H,3,Complete Darkness (0–5 lux),1-2-3,,,
Anjali_1,Run3,248.3277,K,3,Complete Darkness (0–5 lux),1-2-3,,,
Anjali_1,Run3,249.8387,S,3,Complete Darkness (0–5 lux),1-2-3,,,
Anjali_1,Run3,251.3505,K,3,Complete Darkness (0–5 lux),1-2-3,,,
Anjali_1,Run3,252.8587,J,3,Complete Darkness (0–5 lux),1-2-3,,,
Anjali_1,Run3,254.3721,N,3,Complete Darkness (0–5 lux),1-2-3,,,
Anjali_1,Run3,255.8776,Z,3,Complete Darkness (0–5 lux),1-2-3,,,
Anjali_1,Run3,257.3859,D,3,Complete Darkness (0–5 lux),1-2-3,,,
Anjali_1,Run3,258.894,N,3,Complete Darkness (0–5 lux),1-2-3,,,
Anjali_1,Run3,260.4041,R,3,Complete Darkness (0–5 lux),1-2-3,,,
Anjali_1,Run3,261.9131,V,3,Complete Darkness (0–5 lux),1-2-3,,,
Anjali_1,Run3,263.4212,D,3,Complete Darkness (0–5 lux),1-2-3,,,
Anjali_1,Run3,264.9271,W,3,Complete Darkness (0–5 lux),1-2-3,,,
Anjali_1,Run3,266.4349,V,3,Complete Darkness (0–5 lux),1-2-3,space,0.8506,0.185
Anjali_1,Run3,267.9459,X,3,Complete Darkness (0–5 lux),1-2-3,,,
Anjali_1,Run3,269.451,R,3,Complete Darkness (0–5 lux),1-2-3,,,
Anjali_1,Run3,270.9592,W,3,Complete Darkness (0–5 lux),1-2-3,space,1.0281,0.2592
Anjali_1,Run3,272.4665,Q,3,Complete Darkness (0–5 lux),1-2-3,,,
Anjali_1,Run3,273.9699,R,3,Complete Darkness (0–5 lux),1-2-3,,,
Anjali_1,Run3,275.4836,M,3,Complete Darkness (0–5 lux),1-2-3,,,
Anjali_1,Run3,276.9925,S,3,Complete Darkness (0–5 lux),1-2-3,,,
Anjali_1,Run3,278.5016,R,3,Complete Darkness (0–5 lux),1-2-3,space,1.2716,0.1944
Anjali_1,Run3,280.0119,L,3,Complete Darkness (0–5 lux),1-2-3,,,
Anjali_1,Run3,281.5198,S,3,Complete Darkness (0–5 lux),1-2-3,,,
Anjali_1,Run3,283.0327,L,3,Complete Darkness (0–5 lux),1-2-3,space,0.5481,0.2694
Anjali_1,Run3,284.5436,Y,3,Complete Darkness (0–5 lux),1-2-3,,,
Anjali_1,Run3,286.0499,A,3,Complete Darkness (0–5 lux),1-2-3,,,
Anjali_1,Run3,287.56,U,3,Complete Darkness (0–5 lux),1-2-3,,,
Anjali_1,Run3,289.0664,Y,3,Complete Darkness (0–5 lux),1-2-3,space,1.4467,
Anjali_1,Run3,290.571,R,3,Complete Darkness (0–5 lux),1-2-3,,,
Anjali_1,Run3,292.0761,Y,3,Complete Darkness (0–5 lux),1-2-3,,,
Anjali_1,Run3,293.5821,E,3,Complete Darkness (0–5 lux),1-2-3,,,
Anjali_1,Run3,295.0897,B,3,Complete Darkness (0–5 lux),1-2-3,,,
Anjali_1,Run3,296.5981,F,3,Complete Darkness (0–5 lux),1-2-3,,,
Anjali_1,Run3,298.1037,S,3,Complete Darkness (0–5 lux),1-2-3,,,
Anjali_1,Run3,299.615,B,3,Complete Darkness (0–5 lux),1-2-3,space,1.2159,0.2048
Anjali_1,Run3,301.1278,F,3,Complete Darkness (0–5 lux),1-2-3,,,
Anjali_1,Run3,302.6411,C,3,Complete Darkness (0–5 lux),1-2-3,,,
Anjali_1,Run3,304.1539,F,3,Complete Darkness (0–5 lux),1-2-3,,,
Anjali_1,Run3,305.6672,S,3,Complete Darkness (0–5 lux),1-2-3,,,
Anjali_1,Run3,307.1754,N,3,Complete Darkness (0–5 lux),1-2-3,,,
Anjali_1,Run3,308.6889,Q,3,Complete Darkness (0–5 lux),1-2-3,,,
Anjali_1,Run3,310.1977,K,3,Complete Darkness (0–5 lux),1-2-3,,,
Anjali_1,Run3,311.7022,X,3,Complete Darkness (0–5 lux),1-2-3,,,
Anjali_1,Run3,313.2136,Q,3,Complete Darkness (0–5 lux),1-2-3,space,1.3012,0.1931
Anjali_1,Run3,314.7218,R,3,Complete Darkness (0–5 lux),1-2-3,,,
Anjali_1,Run3,316.234,T,3,Complete Darkness (0–5 lux),1-2-3,,,
Anjali_1,Run3,317.7473,N,3,Complete Darkness (0–5 lux),1-2-3,,,
Anjali_1,Run3,319.2611,F,3,Complete Darkness (0–5 lux),1-2-3,,,
Anjali_1,Run3,320.7709,T,3,Complete Darkness (0–5 lux),1-2-3,,,
Difficulty Rating,4
